id;firstname;lastname;age;position;date
1;Car payment;protocol Tools;60571;azure Keyboard;2020-10-10
2;Computers Handcrafted;Bedfordshire;51417;Swaziland;2020-10-10
3;Clothing;composite Credit Card Account;41100;B2B;2020-10-10
4;Grocery even-keeled Officer;ADP;97970;asymmetric red;2020-10-10
5;compress auxiliary Vermont;French Southern Territories dynamic EXE;92958;Computers;2020-10-10
6;matrix Metical Advanced;Intelligent Decentralized;61176;parsing;2020-10-10
7;auxiliary haptic;forecast Cambridgeshire multi-tasking;48238;Dynamic Research;2020-10-10
8;South Carolina;Moroccan Dirham;80309;digital card;2020-10-10
9;Angola;European Unit of Account 17(E.U.A.-17);56194;Marketing schemas;2020-10-10
10;compress;microchip Investment Account;41028;sensor Corporate Quality-focused;2020-10-10
