id;position;description;deadline
1;Armenia compelling;Fresh Codes specifically reserved for testing purposes;2020-10-10
2;Plastic maximize hack;Health Garden;2020-10-10
3;Lebanese Pound Keyboard;back up;2020-10-10
4;online;dynamic Beauty Berkshire;2020-10-10
5;violet transmitting;Practical Plastic Fish Flat orchid;2020-10-10
6;Ecuador Ergonomic;Sleek Somoni;2020-10-10
7;contingency Mills Auto Loan Account;synthesize initiatives;2020-10-10
8;internet solution SMS;Mobility Borders;2020-10-09
9;Handcrafted Money Market Account;Incredible;2020-10-10
10;Singapore Integration Incredible;protocol purple Car;2020-10-09
